filename,category
a1.jpg,1
a10.jpg,1
a100.jpg,1
a101.jpg,1
a102.jpg,1
a103.jpg,1
a104.jpg,1
a105.jpg,1
a106.jpg,1
a107.jpg,1
a108.jpg,1
a109.jpg,1
a11.jpg,1
a110.jpg,1
a111.jpg,1
a112.jpg,1
a113.jpg,1
a114.jpg,1
a115.jpg,1
a116.jpg,1
a117.jpg,1
a118.jpg,1
a119.jpg,1
a12.jpg,1
a120.jpg,1
a121.jpg,1
a122.jpg,1
a123.jpg,1
a124.jpg,1
a125.jpg,1
a126.jpg,1
a127.jpg,1
a128.jpg,1
a129.jpg,1
a13.jpg,1
a130.jpg,1
a131.jpg,1
a132.jpg,1
a133.jpg,1
a134.jpg,1
a135.jpg,1
a136.jpg,1
a137.jpg,1
a138.jpg,1
a139.jpg,1
a14.jpg,1
a140.jpg,1
a141.jpg,1
a142.jpg,1
a143.jpg,1
a144.jpg,1
a145.jpg,1
a146.jpg,1
a147.jpg,1
a148.jpg,1
a149.jpg,1
a15.jpg,1
a150.jpg,1
a151.jpg,1
a152.jpg,1
a153.jpg,1
a154.jpg,1
a155.jpg,1
a156.jpg,1
a157.jpg,1
a158.jpg,1
a159.jpg,1
a16.jpg,1
a160.jpg,1
a161.jpg,1
a162.jpg,1
a163.jpg,1
a164.jpg,1
a165.jpg,1
a166.jpg,1
a167.jpg,1
a168.jpg,1
a169.jpg,1
a17.jpg,1
a170.jpg,1
a171.jpg,1
a172.jpg,1
a173.jpg,1
a174.jpg,1
a175.jpg,1
a176.jpg,1
a177.jpg,1
a178.jpg,1
a179.jpg,1
a18.jpg,1
a180.jpg,1
a181.jpg,1
a182.jpg,1
a183.jpg,1
a184.jpg,1
a185.jpg,1
a186.jpg,1
a187.jpg,1
a188.jpg,1
a189.jpg,1
a19.jpg,1
a190.jpg,1
a191.jpg,1
a192.jpg,1
a193.jpg,1
a194.jpg,1
a195.jpg,1
a196.jpg,1
a197.jpg,1
a198.jpg,1
a199.jpg,1
a2.jpg,1
a20.jpg,1
a200.jpg,1
a201.jpg,1
a202.jpg,1
a203.jpg,1
a204.jpg,1
a205.jpg,1
a206.jpg,1
a207.jpg,1
a208.jpg,1
a209.jpg,1
a21.jpg,1
a210.jpg,1
a211.jpg,1
a212.jpg,1
a213.jpg,1
a214.jpg,1
a215.jpg,1
a216.jpg,1
a217.jpg,1
a218.jpg,1
a219.jpg,1
a22.jpg,1
a220.jpg,1
a221.jpg,1
a222.jpg,1
a223.jpg,1
a224.jpg,1
a225.jpg,1
a226.jpg,1
a227.jpg,1
a228.jpg,1
a229.jpg,1
a23.jpg,1
a230.jpg,1
a231.jpg,1
a232.jpg,1
a233.jpg,1
a234.jpg,1
a235.jpg,1
a236.jpg,1
a237.jpg,1
a238.jpg,1
a239.jpg,1
a24.jpg,1
a240.jpg,1
a241.jpg,1
a242.jpg,1
a243.jpg,1
a244.jpg,1
a245.jpg,1
a246.jpg,1
a247.jpg,1
a248.jpg,1
a249.jpg,1
a25.jpg,1
a250.jpg,1
a251.jpg,1
a252.jpg,1
a253.jpg,1
a254.jpg,1
a255.jpg,1
a256.jpg,1
a257.jpg,1
a258.jpg,1
a259.jpg,1
a26.jpg,1
a260.jpg,1
a261.jpg,1
a262.jpg,1
a263.jpg,1
a264.jpg,1
a265.jpg,1
a266.jpg,1
a267.jpg,1
a268.jpg,1
a269.jpg,1
a27.jpg,1
a270.jpg,1
a271.jpg,1
a272.jpg,1
a273.jpg,1
a274.jpg,1
a275.jpg,1
a276.jpg,1
a277.jpg,1
a278.jpg,1
a279.jpg,1
a28.jpg,1
a280.jpg,1
a281.jpg,1
a282.jpg,1
a283.jpg,1
a284.jpg,1
a285.jpg,1
a286.jpg,1
a287.jpg,1
a288.jpg,1
a289.jpg,1
a29.jpg,1
a290.jpg,1
a291.jpg,1
a292.jpg,1
a293.jpg,1
a294.jpg,1
a295.jpg,1
a296.jpg,1
a297.jpg,1
a298.jpg,1
a299.jpg,1
a3.jpg,1
a30.jpg,1
a300.jpg,1
a31.jpg,1
a32.jpg,1
a33.jpg,1
a34.jpg,1
a35.jpg,1
a36.jpg,1
a37.jpg,1
a38.jpg,1
a39.jpg,1
a4.jpg,1
a40.jpg,1
a41.jpg,1
a42.jpg,1
a43.jpg,1
a44.jpg,1
a45.jpg,1
a46.jpg,1
a47.jpg,1
a48.jpg,1
a49.jpg,1
a5.jpg,1
a50.jpg,1
a51.jpg,1
a52.jpg,1
a53.jpg,1
a54.jpg,1
a55.jpg,1
a56.jpg,1
a57.jpg,1
a58.jpg,1
a59.jpg,1
a6.jpg,1
a60.jpg,1
a61.jpg,1
a62.jpg,1
a63.jpg,1
a64.jpg,1
a65.jpg,1
a66.jpg,1
a67.jpg,1
a68.jpg,1
a69.jpg,1
a7.jpg,1
a70.jpg,1
a71.jpg,1
a72.jpg,1
a73.jpg,1
a74.jpg,1
a75.jpg,1
a76.jpg,1
a77.jpg,1
a78.jpg,1
a79.jpg,1
a8.jpg,1
a80.jpg,1
a81.jpg,1
a82.jpg,1
a83.jpg,1
a84.jpg,1
a85.jpg,1
a86.jpg,1
a87.jpg,1
a88.jpg,1
a89.jpg,1
a9.jpg,1
a90.jpg,1
a91.jpg,1
a92.jpg,1
a93.jpg,1
a94.jpg,1
a95.jpg,1
a96.jpg,1
a97.jpg,1
a98.jpg,1
a99.jpg,1
b1.jpg,2
b10.jpg,2
b100.jpg,2
b101.jpg,2
b102.jpg,2
b103.jpg,2
b104.jpg,2
b105.jpg,2
b106.jpg,2
b107.jpg,2
b108.jpg,2
b109.jpg,2
b11.jpg,2
b110.jpg,2
b111.jpg,2
b112.jpg,2
b113.jpg,2
b114.jpg,2
b115.jpg,2
b116.jpg,2
b117.jpg,2
b118.jpg,2
b119.jpg,2
b12.jpg,2
b120.jpg,2
b121.jpg,2
b122.jpg,2
b123.jpg,2
b124.jpg,2
b125.jpg,2
b126.jpg,2
b127.jpg,2
b128.jpg,2
b129.jpg,2
b13.jpg,2
b130.jpg,2
b131.jpg,2
b132.jpg,2
b133.jpg,2
b134.jpg,2
b135.jpg,2
b136.jpg,2
b137.jpg,2
b138.jpg,2
b139.jpg,2
b14.jpg,2
b140.jpg,2
b141.jpg,2
b142.jpg,2
b143.jpg,2
b144.jpg,2
b145.jpg,2
b146.jpg,2
b147.jpg,2
b148.jpg,2
b149.jpg,2
b15.jpg,2
b150.jpg,2
b151.jpg,2
b152.jpg,2
b153.jpg,2
b154.jpg,2
b155.jpg,2
b156.jpg,2
b157.jpg,2
b158.jpg,2
b159.jpg,2
b16.jpg,2
b160.jpg,2
b161.jpg,2
b162.jpg,2
b163.jpg,2
b164.jpg,2
b165.jpg,2
b166.jpg,2
b167.jpg,2
b168.jpg,2
b169.jpg,2
b17.jpg,2
b170.jpg,2
b171.jpg,2
b172.jpg,2
b173.jpg,2
b174.jpg,2
b175.jpg,2
b176.jpg,2
b177.jpg,2
b178.jpg,2
b179.jpg,2
b18.jpg,2
b180.jpg,2
b181.jpg,2
b182.jpg,2
b183.jpg,2
b184.jpg,2
b185.jpg,2
b186.jpg,2
b187.jpg,2
b188.jpg,2
b189.jpg,2
b19.jpg,2
b190.jpg,2
b191.jpg,2
b192.jpg,2
b193.jpg,2
b194.jpg,2
b195.jpg,2
b196.jpg,2
b197.jpg,2
b198.jpg,2
b199.jpg,2
b2.jpg,2
b20.jpg,2
b200.jpg,2
b201.jpg,2
b202.jpg,2
b203.jpg,2
b204.jpg,2
b205.jpg,2
b206.jpg,2
b207.jpg,2
b208.jpg,2
b209.jpg,2
b21.jpg,2
b210.jpg,2
b211.jpg,2
b212.jpg,2
b213.jpg,2
b214.jpg,2
b215.jpg,2
b216.jpg,2
b217.jpg,2
b218.jpg,2
b219.jpg,2
b22.jpg,2
b220.jpg,2
b221.jpg,2
b222.jpg,2
b223.jpg,2
b224.jpg,2
b225.jpg,2
b226.jpg,2
b227.jpg,2
b228.jpg,2
b229.jpg,2
b23.jpg,2
b230.jpg,2
b231.jpg,2
b232.jpg,2
b233.jpg,2
b234.jpg,2
b235.jpg,2
b236.jpg,2
b237.jpg,2
b238.jpg,2
b239.jpg,2
b24.jpg,2
b240.jpg,2
b241.jpg,2
b242.jpg,2
b243.jpg,2
b244.jpg,2
b245.jpg,2
b246.jpg,2
b247.jpg,2
b248.jpg,2
b249.jpg,2
b25.jpg,2
b250.jpg,2
b251.jpg,2
b252.jpg,2
b253.jpg,2
b254.jpg,2
b255.jpg,2
b256.jpg,2
b257.jpg,2
b258.jpg,2
b259.jpg,2
b26.jpg,2
b260.jpg,2
b261.jpg,2
b262.jpg,2
b263.jpg,2
b264.jpg,2
b265.jpg,2
b266.jpg,2
b267.jpg,2
b268.jpg,2
b269.jpg,2
b27.jpg,2
b270.jpg,2
b271.jpg,2
b272.jpg,2
b273.jpg,2
b274.jpg,2
b275.jpg,2
b276.jpg,2
b277.jpg,2
b278.jpg,2
b279.jpg,2
b28.jpg,2
b280.jpg,2
b281.jpg,2
b282.jpg,2
b283.jpg,2
b284.jpg,2
b285.jpg,2
b286.jpg,2
b287.jpg,2
b288.jpg,2
b289.jpg,2
b29.jpg,2
b290.jpg,2
b291.jpg,2
b292.jpg,2
b293.jpg,2
b294.jpg,2
b295.jpg,2
b296.jpg,2
b297.jpg,2
b298.jpg,2
b299.jpg,2
b3.jpg,2
b30.jpg,2
b300.jpg,2
b31.jpg,2
b32.jpg,2
b33.jpg,2
b34.jpg,2
b35.jpg,2
b36.jpg,2
b37.jpg,2
b38.jpg,2
b39.jpg,2
b4.jpg,2
b40.jpg,2
b41.jpg,2
b42.jpg,2
b43.jpg,2
b44.jpg,2
b45.jpg,2
b46.jpg,2
b47.jpg,2
b48.jpg,2
b49.jpg,2
b5.jpg,2
b50.jpg,2
b51.jpg,2
b52.jpg,2
b53.jpg,2
b54.jpg,2
b55.jpg,2
b56.jpg,2
b57.jpg,2
b58.jpg,2
b59.jpg,2
b6.jpg,2
b60.jpg,2
b61.jpg,2
b62.jpg,2
b63.jpg,2
b64.jpg,2
b65.jpg,2
b66.jpg,2
b67.jpg,2
b68.jpg,2
b69.jpg,2
b7.jpg,2
b70.jpg,2
b71.jpg,2
b72.jpg,2
b73.jpg,2
b74.jpg,2
b75.jpg,2
b76.jpg,2
b77.jpg,2
b78.jpg,2
b79.jpg,2
b8.jpg,2
b80.jpg,2
b81.jpg,2
b82.jpg,2
b83.jpg,2
b84.jpg,2
b85.jpg,2
b86.jpg,2
b87.jpg,2
b88.jpg,2
b89.jpg,2
b9.jpg,2
b90.jpg,2
b91.jpg,2
b92.jpg,2
b93.jpg,2
b94.jpg,2
b95.jpg,2
b96.jpg,2
b97.jpg,2
b98.jpg,2
b99.jpg,2
c1.jpg,3
c10.jpg,3
c100.jpg,3
c101.jpg,3
c102.jpg,3
c103.jpg,3
c104.jpg,3
c105.jpg,3
c106.jpg,3
c107.jpg,3
c108.jpg,3
c109.jpg,3
c11.jpg,3
c110.jpg,3
c111.jpg,3
c112.jpg,3
c113.jpg,3
c114.jpg,3
c115.jpg,3
c116.jpg,3
c117.jpg,3
c118.jpg,3
c119.jpg,3
c12.jpg,3
c120.jpg,3
c121.jpg,3
c122.jpg,3
c123.jpg,3
c124.jpg,3
c125.jpg,3
c126.jpg,3
c127.jpg,3
c128.jpg,3
c129.jpg,3
c13.jpg,3
c130.jpg,3
c131.jpg,3
c132.jpg,3
c133.jpg,3
c134.jpg,3
c135.jpg,3
c136.jpg,3
c137.jpg,3
c138.jpg,3
c139.jpg,3
c14.jpg,3
c140.jpg,3
c141.jpg,3
c142.jpg,3
c143.jpg,3
c144.jpg,3
c145.jpg,3
c146.jpg,3
c147.jpg,3
c148.jpg,3
c149.jpg,3
c15.jpg,3
c150.jpg,3
c151.jpg,3
c152.jpg,3
c153.jpg,3
c154.jpg,3
c155.jpg,3
c156.jpg,3
c157.jpg,3
c158.jpg,3
c159.jpg,3
c16.jpg,3
c160.jpg,3
c161.jpg,3
c162.jpg,3
c163.jpg,3
c164.jpg,3
c165.jpg,3
c166.jpg,3
c167.jpg,3
c168.jpg,3
c169.jpg,3
c17.jpg,3
c170.jpg,3
c171.jpg,3
c172.jpg,3
c173.jpg,3
c174.jpg,3
c175.jpg,3
c176.jpg,3
c177.jpg,3
c178.jpg,3
c179.jpg,3
c18.jpg,3
c180.jpg,3
c181.jpg,3
c182.jpg,3
c183.jpg,3
c184.jpg,3
c185.jpg,3
c186.jpg,3
c187.jpg,3
c188.jpg,3
c189.jpg,3
c19.jpg,3
c190.jpg,3
c191.jpg,3
c192.jpg,3
c193.jpg,3
c194.jpg,3
c195.jpg,3
c196.jpg,3
c197.jpg,3
c198.jpg,3
c199.jpg,3
c2.jpg,3
c20.jpg,3
c200.jpg,3
c201.jpg,3
c202.jpg,3
c203.jpg,3
c204.jpg,3
c205.jpg,3
c206.jpg,3
c207.jpg,3
c208.jpg,3
c209.jpg,3
c21.jpg,3
c210.jpg,3
c211.jpg,3
c212.jpg,3
c213.jpg,3
c214.jpg,3
c215.jpg,3
c216.jpg,3
c217.jpg,3
c218.jpg,3
c219.jpg,3
c22.jpg,3
c220.jpg,3
c221.jpg,3
c222.jpg,3
c223.jpg,3
c224.jpg,3
c225.jpg,3
c226.jpg,3
c227.jpg,3
c228.jpg,3
c229.jpg,3
c23.jpg,3
c230.jpg,3
c231.jpg,3
c232.jpg,3
c233.jpg,3
c234.jpg,3
c235.jpg,3
c236.jpg,3
c237.jpg,3
c238.jpg,3
c239.jpg,3
c24.jpg,3
c240.jpg,3
c241.jpg,3
c242.jpg,3
c243.jpg,3
c244.jpg,3
c245.jpg,3
c246.jpg,3
c247.jpg,3
c248.jpg,3
c249.jpg,3
c25.jpg,3
c250.jpg,3
c251.jpg,3
c252.jpg,3
c253.jpg,3
c254.jpg,3
c255.jpg,3
c256.jpg,3
c257.jpg,3
c258.jpg,3
c259.jpg,3
c26.jpg,3
c260.jpg,3
c261.jpg,3
c262.jpg,3
c263.jpg,3
c264.jpg,3
c265.jpg,3
c266.jpg,3
c267.jpg,3
c268.jpg,3
c269.jpg,3
c27.jpg,3
c270.jpg,3
c271.jpg,3
c272.jpg,3
c273.jpg,3
c274.jpg,3
c275.jpg,3
c276.jpg,3
c277.jpg,3
c278.jpg,3
c279.jpg,3
c28.jpg,3
c280.jpg,3
c281.jpg,3
c282.jpg,3
c283.jpg,3
c284.jpg,3
c285.jpg,3
c286.jpg,3
c287.jpg,3
c288.jpg,3
c289.jpg,3
c29.jpg,3
c290.jpg,3
c291.jpg,3
c292.jpg,3
c293.jpg,3
c294.jpg,3
c295.jpg,3
c296.jpg,3
c297.jpg,3
c298.jpg,3
c299.jpg,3
c3.jpg,3
c30.jpg,3
c300.jpg,3
c31.jpg,3
c32.jpg,3
c33.jpg,3
c34.jpg,3
c35.jpg,3
c36.jpg,3
c37.jpg,3
c38.jpg,3
c39.jpg,3
c4.jpg,3
c40.jpg,3
c41.jpg,3
c42.jpg,3
c43.jpg,3
c44.jpg,3
c45.jpg,3
c46.jpg,3
c47.jpg,3
c48.jpg,3
c49.jpg,3
c5.jpg,3
c50.jpg,3
c51.jpg,3
c52.jpg,3
c53.jpg,3
c54.jpg,3
c55.jpg,3
c56.jpg,3
c57.jpg,3
c58.jpg,3
c59.jpg,3
c6.jpg,3
c60.jpg,3
c61.jpg,3
c62.jpg,3
c63.jpg,3
c64.jpg,3
c65.jpg,3
c66.jpg,3
c67.jpg,3
c68.jpg,3
c69.jpg,3
c7.jpg,3
c70.jpg,3
c71.jpg,3
c72.jpg,3
c73.jpg,3
c74.jpg,3
c75.jpg,3
c76.jpg,3
c77.jpg,3
c78.jpg,3
c79.jpg,3
c8.jpg,3
c80.jpg,3
c81.jpg,3
c82.jpg,3
c83.jpg,3
c84.jpg,3
c85.jpg,3
c86.jpg,3
c87.jpg,3
c88.jpg,3
c89.jpg,3
c9.jpg,3
c90.jpg,3
c91.jpg,3
c92.jpg,3
c93.jpg,3
c94.jpg,3
c95.jpg,3
c96.jpg,3
c97.jpg,3
c98.jpg,3
c99.jpg,3
